{"cameraMode":{"drawMode":0,"name":"Shaded","section":"Shading Mode"},"sceneLighting":true,"audioPlay":false,"sceneViewState":{"m_AlwaysRefresh":false,"showFog":true,"showSkybox":true,"showFlares":true,"showImageEffects":true,"showParticleSystems":true,"showVisualEffectGraphs":true,"m_FxEnabled":true},"in2DMode":false,"pivot":{"x":8.660435676574707,"y":0.11281785368919373,"z":12.932524681091309},"rotation":{"x":0.08827193081378937,"y":0.5184476375579834,"z":-0.06742264330387116,"w":0.8553594350814819},"size":8.526290893554688,"orthographic":false}