{"cameraMode":{"drawMode":0,"name":"Shaded","section":"Shading Mode"},"sceneLighting":true,"audioPlay":false,"sceneViewState":{"m_AlwaysRefresh":false,"showFog":true,"showSkybox":true,"showFlares":true,"showImageEffects":true,"showParticleSystems":true,"showVisualEffectGraphs":true,"m_FxEnabled":true},"in2DMode":false,"pivot":{"x":157.0813446044922,"y":2.6348280906677248,"z":25.83783531188965},"rotation":{"x":0.038817405700683597,"y":-0.9603902697563171,"z":0.14185865223407746,"w":0.26189693808555605},"size":8.692853927612305,"orthographic":false}