{"cameraMode":{"drawMode":0,"name":"Shaded","section":"Shading Mode"},"sceneLighting":true,"audioPlay":false,"sceneViewState":{"m_AlwaysRefresh":false,"showFog":true,"showSkybox":true,"showFlares":true,"showImageEffects":true,"showParticleSystems":true,"showVisualEffectGraphs":true,"m_FxEnabled":true},"in2DMode":false,"pivot":{"x":-0.09227237105369568,"y":3.433820962905884,"z":11.55443286895752},"rotation":{"x":-0.011802625842392445,"y":-0.9986065626144409,"z":0.10823100060224533,"w":-0.052868738770484927},"size":1.8394540548324586,"orthographic":false}