{"cameraMode":{"drawMode":0,"name":"Shaded","section":"Shading Mode"},"sceneLighting":true,"audioPlay":false,"sceneViewState":{"m_AlwaysRefresh":false,"showFog":true,"showSkybox":true,"showFlares":true,"showImageEffects":true,"showParticleSystems":true,"showVisualEffectGraphs":true,"m_FxEnabled":true},"in2DMode":false,"pivot":{"x":0.10352849960327149,"y":2.994535207748413,"z":2.5396008491516115},"rotation":{"x":-0.08725152909755707,"y":0.6681349873542786,"z":-0.07933465391397476,"w":-0.7346816062927246},"size":7.499671459197998,"orthographic":true}