{"cameraMode":{"drawMode":0,"name":"Shaded","section":"Shading Mode"},"sceneLighting":true,"audioPlay":false,"sceneViewState":{"m_AlwaysRefresh":false,"showFog":true,"showSkybox":true,"showFlares":true,"showImageEffects":true,"showParticleSystems":true,"showVisualEffectGraphs":true,"m_FxEnabled":true},"in2DMode":false,"pivot":{"x":3.160280704498291,"y":0.5424258708953857,"z":0.8986454010009766},"rotation":{"x":-0.2207210808992386,"y":0.23911705613136292,"z":-0.05593704432249069,"w":-0.9440366625785828},"size":1.3291471004486085,"orthographic":false}