{"cameraMode":{"drawMode":0,"name":"Shaded","section":"Shading Mode"},"sceneLighting":true,"audioPlay":false,"sceneViewState":{"m_AlwaysRefresh":false,"showFog":true,"showSkybox":true,"showFlares":true,"showImageEffects":true,"showParticleSystems":true,"showVisualEffectGraphs":true,"m_FxEnabled":true},"in2DMode":false,"pivot":{"x":-2.130000114440918,"y":0.04937665909528732,"z":-0.23272132873535157},"rotation":{"x":0.13449876010417939,"y":0.46478214859962466,"z":-0.07167012989521027,"w":0.8722151517868042},"size":7.087732791900635,"orthographic":true}