{"cameraMode":{"drawMode":0,"name":"Shaded","section":"Shading Mode"},"sceneLighting":true,"audioPlay":false,"sceneViewState":{"m_AlwaysRefresh":false,"showFog":true,"showSkybox":true,"showFlares":true,"showImageEffects":true,"showParticleSystems":true,"showVisualEffectGraphs":true,"m_FxEnabled":true},"in2DMode":false,"pivot":{"x":6.0610551834106449,"y":-0.6083450317382813,"z":-0.779109001159668},"rotation":{"x":-0.14544452726840974,"y":-0.037244025617837909,"z":0.005231892690062523,"w":-0.9890455007553101},"size":4.519453525543213,"orthographic":false}